image;rmse;psnr;rmse_sw;uqi;ssim;ergas;scc;rase;sam;msssim;vifp;psnrb;piqe;niqe;brisque;mse
reference_images/deer.ppm;6.232225902338484;32.237939868274225;5.953531930549004;0.9811442546642587;(0.8259720097778681, 0.8260021135696619);7652.888824150574;0.6198491121500311;1116.1548685636872;0.10991793385020661;(0.9710028040330226+0j);0.3360335664103469;29.795785010515115;13.188110442675383;9.769866796589628;0.0;38.84063969777873
