image;uqi;vifp;vsi;piqe;niqe;brisque
reference_images/deer.ppm;0.9439787300603216;0.0676857281239908;0.9950973987579346;51.71019841779096;15.025167465481916;80.91046142578125
